<?xml version="1.0" encoding="ISO-8859-1"?>
<EMP>
    <data>
        <EMPNo>7369</EMPNo>
        <EMPName>SMITH</EMPName>
        <JOB>CLERK</JOB>
        <MGR>7902</MGR>
        <HIREDATE>17-DEC-80</HIREDATE>
        <SAL>1100</SAL>
        <COMM>200</COMM>
        <DEPTNO>20</DEPTNO>
    </data>

    <data>
        <EMPNo>7499</EMPNo>
        <EMPName>ALLEN</EMPName>
        <JOB>SALESMAN</JOB>
        <MGR>7698</MGR>
        <HIREDATE>20-FEB-81</HIREDATE>
        <SAL>1600</SAL>
        <COMM>24820</COMM>
        <DEPTNO>30</DEPTNO>
    </data>

    <data>
        <EMPNo>7521</EMPNo>
        <EMPName>WARD</EMPName>
        <JOB>SALESMAN</JOB>
        <MGR>7698</MGR>
        <HIREDATE>22-FEB-81</HIREDATE>
        <SAL>1375</SAL>
        <COMM>19700</COMM>
        <DEPTNO>30</DEPTNO>
    </data>

    <data>
        <EMPNo>7566</EMPNo>
        <EMPName>JONES</EMPName>
        <JOB>MANAGER</JOB>
        <MGR>7839</MGR>
        <HIREDATE>02-APR-81</HIREDATE>
        <SAL>3175</SAL>
        <COMM></COMM>
        <DEPTNO>20</DEPTNO>
    </data>

    <data>
        <EMPNo>7654</EMPNo>
        <EMPName>MARTIN</EMPName>
        <JOB>SALESMAN</JOB>
        <MGR>7698</MGR>
        <HIREDATE>28-SEP-81</HIREDATE>
        <SAL>1375</SAL>
        <COMM>20600</COMM>
        <DEPTNO>30</DEPTNO>
    </data>

    <data>
        <EMPNo>7698</EMPNo>
        <EMPName>BLAKE</EMPName>
        <JOB>MANAGER</JOB>
        <MGR>7839</MGR>
        <HIREDATE>01-MAY-81</HIREDATE>
        <SAL>2850</SAL>
        <COMM></COMM>
        <DEPTNO>30</DEPTNO>
    </data>

    <data>
        <EMPNo>7782</EMPNo>
        <EMPName>CLARK</EMPName>
        <JOB>MANAGER</JOB>
        <MGR>7839</MGR>
        <HIREDATE>09-JUN-81</HIREDATE>
        <SAL>2450</SAL>
        <COMM></COMM>
        <DEPTNO>10</DEPTNO>
    </data>

    <data>
        <EMPNo>7788</EMPNo>
        <EMPName>SCOTT</EMPName>
        <JOB>ANALYST</JOB>
        <MGR>7566</MGR>
        <HIREDATE>19-APR-87</HIREDATE>
        <SAL>2000</SAL>
        <COMM></COMM>
        <DEPTNO>20</DEPTNO>
    </data>

    <data>
        <EMPNo>7839</EMPNo>
        <EMPName>KING</EMPName>
        <JOB>PRESIDENT</JOB>
        <MGR></MGR>
        <HIREDATE>17-NOV-81</HIREDATE>
        <SAL>5000</SAL>
        <COMM></COMM>
        <DEPTNO>10</DEPTNO>
    </data>

    <data>
        <EMPNo>7844</EMPNo>
        <EMPName>TURNER</EMPName>
        <JOB>SALESMAN</JOB>
        <MGR>7698</MGR>
        <HIREDATE>08-SEP-81</HIREDATE>
        <SAL>1650</SAL>
        <COMM>23000</COMM>
        <DEPTNO>30</DEPTNO>
    </data>

    <data>
        <EMPNo>876</EMPNo>
        <EMPName>ADAMS</EMPName>
        <JOB>CLERK</JOB>
        <MGR>7788</MGR>
        <HIREDATE>23-MAY-87</HIREDATE>
        <SAL>1430</SAL>
        <COMM>200</COMM>
        <DEPTNO>20</DEPTNO>
    </data>

    <data>
        <EMPNo>7900</EMPNo>
        <EMPName>JAMES</EMPName>
        <JOB>CLERK</JOB>
        <MGR>7698</MGR>
        <HIREDATE>03-DEC-81</HIREDATE>
        <SAL>1045</SAL>
        <COMM>200</COMM>
        <DEPTNO>30</DEPTNO>
    </data>

    <data>
        <EMPNo>7902</EMPNo>
        <EMPName>FORD</EMPName>
        <JOB>ANALYST</JOB>
        <MGR>7566</MGR>
        <HIREDATE>03-DEC-81</HIREDATE>
        <SAL>3200</SAL>
        <COMM></COMM>
        <DEPTNO>20</DEPTNO>
    </data>

    <data>
        <EMPNo>7934</EMPNo>
        <EMPName>MILLER</EMPName>
        <JOB>CLERK</JOB>
        <MGR>7782</MGR>
        <HIREDATE>23-JAN-82</HIREDATE>
        <SAL>1430</SAL>
        <COMM>200</COMM>
        <DEPTNO>10</DEPTNO>
    </data>


</EMP>